{
    // The tab key will cycle through the settings when first created
    // Visit http://wbond.net/sublime_packages/sftp/settings for help
    
    // sftp, ftp or ftps
    "type": "sftp",

    "save_before_upload": true,
    "upload_on_save": true,
    "sync_down_on_open": true,
    "sync_skip_deletes": false,
    "sync_same_age": false,
    "confirm_downloads": false,
    "confirm_sync": true,
    "confirm_overwrite_newer": false,
    
    "host": "spindata.co.uk",
    "user": "spindata",
    //"password": "password",
    "port": "18765",
    
    "remote_path": "/home/spindata/public_html/components/com_rankings/",
    "ignore_regexes": [
        "\\.sublime-(project|workspace)", "sftp-config(-alt\\d?)?\\.json",
        "sftp-settings\\.json", "/venv/", "\\.svn/", "\\.hg/", "\\.git/",
        "\\.bzr", "_darcs", "CVS", "\\.DS_Store", "Thumbs\\.db", "desktop\\.ini"
    ],
    //"file_permissions": "664",
    //"dir_permissions": "775",
    
    "extra_list_connections": 4,

    "connect_timeout": 30,
    //"keepalive": 120,
    //"ftp_passive_mode": true,
    //"ftp_obey_passive_host": false,
    "ssh_key_file": "C:/Users/Roger/Documents/Private Keys/spindata.ppk",
    //"sftp_flags": ["-F", "/path/to/ssh_config"],
    
    "preserve_modification_times": true,
    //"remote_time_offset_in_hours": 0,
    //"remote_encoding": "utf-8",
    //"remote_locale": "C",
    //"allow_config_upload": false,
}